,P_LRMS_QUEUING,P_LRMS_RUNNING,P_LRMS_SUBMITTING,P_PMGR_QUEUING,P_PMGR_SCHEDULING,experiment,hid,nunit,pid,sid
0,318.147700071,801.330600023,46.7644999027,0.000900030136108,0.00129985809326,exp1,stampede.tacc.utexas.edu,128,pilot.0000,rp.session.radical.merzky.017192.0008
1,150.880800009,1101.24449992,42.6270999908,0.000999927520752,0.000900030136108,exp1,stampede.tacc.utexas.edu,256,pilot.0000,rp.session.radical.merzky.017192.0009
2,708.036800146,1001.12019992,39.3593997955,0.000900030136108,0.000699996948242,exp1,stampede.tacc.utexas.edu,512,pilot.0000,rp.session.radical.merzky.017192.0011
3,306.659699917,2302.25489998,36.8443000317,0.00119996070862,0.000999927520752,exp1,stampede.tacc.utexas.edu,1024,pilot.0000,rp.session.radical.merzky.017192.0012
4,392.08949995,4169.68790007,35.6362998486,0.000900030136108,0.000600099563599,exp1,stampede.tacc.utexas.edu,2048,pilot.0000,rp.session.radical.merzky.017192.0013
5,1942.95859981,6306.64289999,36.3157000542,0.000900030136108,0.000999927520752,exp1,stampede.tacc.utexas.edu,4096,pilot.0000,rp.session.radical.merzky.017192.0014
