,P_LRMS_QUEUING,P_LRMS_RUNNING,P_LRMS_SUBMITTING,P_PMGR_QUEUING,P_PMGR_SCHEDULING,TTC,U_AGENT_EXECUTING,U_AGENT_QUEUING,U_AGENT_QUEUING_EXEC,U_AGENT_SCHEDULING,U_UMGR_BINDING,U_UMGR_SCHEDULING,experiment,ncore,ncore_active,nhost,npilot,npilot_active,nunit,nunit_done,nunit_failed,sid
rp.session.radical.merzky.017192.0008,318.147700071,801.330600023,46.7644999027,0.000900030136108,0.00129985809326,1202.30979991,758.939599991,0.0338001251221,1.91190004349,0.112799882889,0.0195999145508,0.0863001346588,exp1,128,128,1,1,1,128,128,0,rp.session.radical.merzky.017192.0008
rp.session.radical.merzky.017192.0009,150.880800009,1101.24449992,42.6270999908,0.000999927520752,0.000900030136108,1331.41330004,760.298099995,0.0647001266479,4.6478998661,0.234999895096,0.0315999984741,0.170300006866,exp1,256,256,1,1,1,256,256,0,rp.session.radical.merzky.017192.0009
rp.session.radical.merzky.017192.0011,708.036800146,1001.12019992,39.3593997955,0.000900030136108,0.000699996948242,1770.34679985,766.690000057,0.127899885178,12.1013000011,0.548799991608,0.0782001018524,0.358599901199,exp1,512,512,1,1,1,512,512,0,rp.session.radical.merzky.017192.0011
rp.session.radical.merzky.017192.0012,306.659699917,2302.25489998,36.8443000317,0.00119996070862,0.000999927520752,2681.80110002,796.877699852,0.257600069046,37.1107001305,1.56399989128,0.114300012589,0.698800086975,exp1,1024,1024,1,1,1,1024,1024,0,rp.session.radical.merzky.017192.0012
rp.session.radical.merzky.017192.0013,392.08949995,4169.68790007,35.6362998486,0.000900030136108,0.000600099563599,4601.67250013,843.942000151,0.515700101852,81.1672999859,3.9672999382,0.344300031662,1.51449990273,exp1,2048,2048,1,1,1,2048,2048,0,rp.session.radical.merzky.017192.0013
rp.session.radical.merzky.017192.0014,1942.95859981,6306.64289999,36.3157000542,0.000900030136108,0.000999927520752,8289.69009995,935.548099995,1.07239985466,182.816200018,19.2006001472,1.11710000038,3.41960000992,exp1,4096,4096,1,1,1,4096,4096,0,rp.session.radical.merzky.017192.0014
