{
    "cmd": "python postexec.py 64 1", 
    "cpu": {
        "cores_per_socket": 2, 
        "cycles_idle_back": 0, 
        "cycles_idle_front": 0, 
        "cycles_stalled_back": 0, 
        "cycles_stalled_front": 0, 
        "efficiency": 1, 
        "flops": 46.64380240653011, 
        "flops_per_core": 10680000000, 
        "flops_per_cycle": 4, 
        "frequency": 2670000000.0, 
        "load": 12.83, 
        "num_sockets": 1, 
        "ops": 1, 
        "real": 0.021439075469970703, 
        "sequence": [
            [
                1.000157069, 
                {
                    "branch_misses": 109872.0, 
                    "branch_misses_perc": 99.86, 
                    "branches": 2126438.0, 
                    "branches_perc": 99.84, 
                    "cycles": 16033695.0, 
                    "cycles_perc": 99.78, 
                    "cycles_stalled_back": 6687301.0, 
                    "cycles_stalled_back_perc": 99.81, 
                    "cycles_stalled_front": 10977702.0, 
                    "cycles_stalled_front_perc": 99.8, 
                    "efficiency": null, 
                    "flops": 9405270.723532727, 
                    "ops": 9406748.0, 
                    "ops_perc": 99.83, 
                    "real": 1.000157069, 
                    "utilization": 6.817954515205467
                }
            ]
        ], 
        "threads_per_core": 2, 
        "utilization": 0
    }, 
    "mem": {
        "peak": 20299776.0, 
        "rss": 2519040.0, 
        "sequence": [
            [
                0.0055310726165771484, 
                {
                    "rss": 2519040.0, 
                    "size": 20295680.0
                }
            ]
        ], 
        "size": 20295680.0
    }, 
    "sto": {
        "read": 6172.0, 
        "sequence": [
            [
                0.0036001205444335938, 
                {
                    "read": 6172.0, 
                    "write": 0.0
                }
            ]
        ], 
        "write": 0
    }, 
    "sys": {
        "hostname": "thinkie"
    }, 
    "time": {
        "real": 0.021439075469970703, 
        "start": 1463251953.400812
    }
}
